src_ip,200.0.0.11,200.0.0.12
82.155.124.100,0,2581
82.155.124.101,4711,0
82.155.124.102,1544,0
82.155.124.103,4346,0
82.155.124.104,2231,0
82.155.124.105,1454,0
82.155.124.106,1547,0
82.155.124.107,3578,0
82.155.124.108,3011,0
82.155.124.109,7645,0
82.155.124.11,0,1563
82.155.124.110,5431,0
82.155.124.111,0,2738
82.155.124.112,2950,0
82.155.124.113,0,5697
82.155.124.114,0,2206
82.155.124.115,3935,0
82.155.124.116,0,1779
82.155.124.117,0,2538
82.155.124.118,0,4328
82.155.124.119,0,6958
82.155.124.120,0,4084
82.155.124.121,0,7105
82.155.124.122,0,5019
82.155.124.123,3938,0
82.155.124.124,2820,0
82.155.124.125,1284,0
82.155.124.126,0,3194
82.155.124.127,0,2302
82.155.124.128,3078,0
82.155.124.129,541,0
82.155.124.13,0,2087
82.155.124.130,7295,0
82.155.124.131,5002,0
82.155.124.132,0,3409
82.155.124.133,3862,0
82.155.124.134,3151,0
82.155.124.135,2807,0
82.155.124.136,0,3988
82.155.124.137,4162,0
82.155.124.138,0,2141
82.155.124.139,0,786
82.155.124.14,2535,0
82.155.124.140,0,6825
82.155.124.141,0,3540
82.155.124.142,0,4090
82.155.124.143,4953,0
82.155.124.144,0,2642
82.155.124.145,0,7013
82.155.124.147,3644,0
82.155.124.148,1483,0
82.155.124.149,0,1910
82.155.124.15,4364,0
82.155.124.150,4081,0
82.155.124.151,0,4490
82.155.124.152,0,4313
82.155.124.153,1815,0
82.155.124.154,4093,0
82.155.124.155,3607,0
82.155.124.156,0,3167
82.155.124.157,0,2050
82.155.124.158,0,6585
82.155.124.159,0,2296
82.155.124.16,0,5550
82.155.124.160,3098,0
82.155.124.161,3805,0
82.155.124.162,0,2978
82.155.124.163,0,820
82.155.124.164,3489,0
82.155.124.165,4976,0
82.155.124.166,2546,0
82.155.124.167,2581,0
82.155.124.168,2584,0
82.155.124.169,1271,0
82.155.124.17,0,2253
82.155.124.170,3191,0
82.155.124.171,0,4264
82.155.124.172,0,7435
82.155.124.173,0,2419
82.155.124.174,1603,0
82.155.124.175,3394,0
82.155.124.176,0,3487
82.155.124.177,2865,0
82.155.124.178,3395,0
82.155.124.179,0,2042
82.155.124.18,2312,0
82.155.124.180,0,3723
82.155.124.181,3017,0
82.155.124.182,0,1583
82.155.124.183,7284,0
82.155.124.184,3479,0
82.155.124.185,0,1965
82.155.124.186,7185,0
82.155.124.187,0,5448
82.155.124.188,0,6016
82.155.124.189,0,4191
82.155.124.19,0,3089
82.155.124.190,4744,0
82.155.124.191,0,1217
82.155.124.192,1897,0
82.155.124.193,250,0
82.155.124.194,6558,0
82.155.124.195,0,3302
82.155.124.196,0,738
82.155.124.197,0,2855
82.155.124.198,0,1489
82.155.124.199,0,1045
82.155.124.20,0,1759
82.155.124.200,6343,0
82.155.124.201,0,4635
82.155.124.202,4940,0
82.155.124.203,0,2135
82.155.124.204,0,3054
82.155.124.205,0,3418
82.155.124.206,3897,0
82.155.124.207,0,2150
82.155.124.208,0,3220
82.155.124.209,0,3159
82.155.124.21,0,3383
82.155.124.210,0,2952
82.155.124.22,3381,0
82.155.124.23,0,1754
82.155.124.24,5656,0
82.155.124.25,0,2869
82.155.124.26,1525,0
82.155.124.27,2830,0
82.155.124.28,0,3481
82.155.124.29,0,4701
82.155.124.30,0,2820
82.155.124.31,0,3540
82.155.124.32,3234,0
82.155.124.33,0,2742
82.155.124.34,0,1870
82.155.124.35,5417,0
82.155.124.36,0,3111
82.155.124.37,1690,0
82.155.124.38,947,0
82.155.124.39,2003,0
82.155.124.40,0,2775
82.155.124.41,0,4194
82.155.124.42,0,1997
82.155.124.43,8206,0
82.155.124.44,0,7073
82.155.124.45,3595,0
82.155.124.46,7488,0
82.155.124.47,4280,0
82.155.124.48,3967,0
82.155.124.49,5033,0
82.155.124.50,0,3158
82.155.124.51,3943,0
82.155.124.52,1239,0
82.155.124.53,0,7003
82.155.124.54,0,1312
82.155.124.55,2275,0
82.155.124.56,2217,0
82.155.124.57,0,3899
82.155.124.58,1548,0
82.155.124.59,0,197
82.155.124.60,2751,0
82.155.124.61,0,5214
82.155.124.62,2786,0
82.155.124.63,0,3559
82.155.124.64,2115,0
82.155.124.65,0,2753
82.155.124.66,2547,0
82.155.124.67,0,2979
82.155.124.68,0,4434
82.155.124.69,2998,0
82.155.124.70,4707,0
82.155.124.71,0,3829
82.155.124.72,8242,0
82.155.124.73,0,2440
82.155.124.74,0,2833
82.155.124.75,0,2279
82.155.124.76,0,4733
82.155.124.77,5214,0
82.155.124.78,6076,0
82.155.124.79,0,1835
82.155.124.80,1393,0
82.155.124.81,0,6791
82.155.124.82,0,919
82.155.124.83,1101,0
82.155.124.84,721,0
82.155.124.85,0,7690
82.155.124.86,0,4254
82.155.124.87,4639,0
82.155.124.88,0,4052
82.155.124.89,0,3501
82.155.124.90,0,8335
82.155.124.91,0,1309
82.155.124.92,5643,0
82.155.124.93,0,4390
82.155.124.94,4364,0
82.155.124.95,1888,0
82.155.124.96,1290,0
82.155.124.97,0,4016
82.155.124.98,4119,0
82.155.124.99,0,6428
